{
  "pixels": [
    [
      292.07391867570374,
      303.79839618758257
    ],
    [
      261.5886455526084,
      358.90638991010104
    ],
    [
      273.31375059995275,
      576.993343790706
    ],
    [
      656.3790373596012,
      572.8941636749342
    ],
    [
      555.9921299287062,
      104.9943859673399
    ],
    [
      587.167549474991,
      1292.7639852563161
    ]
  ],
  "lonlats": [
    [
      -122.47155189514162,
      37.77298755890849
    ],
    [
      -122.47721672058107,
      37.765371639249594
    ],
    [
      -122.47504949569704,
      37.73459466032978
    ],
    [
      -122.4066746234894,
      37.73524799817903
    ],
    [
      -122.42453813552858,
      37.8012732367534
    ],
    [
      -122.41908252239229,
      37.63297297874344
    ]
  ],
  "affine": [
    0.00017851385727867453,
    -1.0451919876161175e-07,
    -122.52377452984008,
    1.7616438767675861e-07,
    -0.00014168303124414085,
    37.81613959788251
  ],
  "rmse_deg": 0.00014220940635018608,
  "median_err_deg": 0.00013275633902974957
}