{
  "pixels": [
    [
      675.0,
      713.0
    ],
    [
      784.0,
      865.0
    ],
    [
      922.8511648670188,
      1057.6954920779872
    ],
    [
      1286.580205628086,
      816.7233570294457
    ],
    [
      2162.0576909112774,
      802.4805229506053
    ]
  ],
  "lonlats": [
    [
      -118.44665050506593,
      34.04697021261827
    ],
    [
      -118.43345403671265,
      34.03112731086965
    ],
    [
      -118.41844707727434,
      34.01216217049091
    ],
    [
      -118.37568998336793,
      34.036461951661195
    ],
    [
      -118.27391624450685,
      34.03797337223097
    ]
  ],
  "affine": [
    0.00011606054941708112,
    -1.7554091422757434e-06,
    -118.5234757043015,
    1.5317317708465154e-07,
    -0.00010100452731742677,
    34.11871320863909
  ],
  "rmse_deg": 0.00034518399263958505,
  "median_err_deg": 0.00026167117146115994
}