{
  "pixels": [
    [
      617.6325558293917,
      1145.000088422538
    ],
    [
      484.1614450913821,
      1446.0515937538262
    ],
    [
      113.40835970802233,
      1278.4711991605477
    ],
    [
      426.323963771578,
      1021.168557904496
    ],
    [
      907.1048801416285,
      273.65974804717473
    ]
  ],
  "lonlats": [
    [
      -97.73530840873718,
      30.24792289043219
    ],
    [
      -97.75136947631836,
      30.21642468605713
    ],
    [
      -97.79633402824402,
      30.234135556961018
    ],
    [
      -97.75850415229799,
      30.26084415242343
    ],
    [
      -97.70009636878969,
      30.339069832285567
    ]
  ],
  "affine": [
    0.00012120609159846626,
    -3.1295740490775245e-08,
    -97.81007208788434,
    -3.2771639844418957e-07,
    -0.00010471449144671995,
    30.368002950925618
  ],
  "rmse_deg": 7.248197173960485e-05,
  "median_err_deg": 6.461819096925783e-05
}