{
  "pixels": [
    [
      535.881521666172,
      496.5747720916714
    ],
    [
      484.33847538431047,
      587.0692184642622
    ],
    [
      505.0757315942338,
      950.8975262289321
    ],
    [
      1143.2555460255949,
      944.8002482815132
    ]
  ],
  "lonlats": [
    [
      -122.47174485439271,
      37.77305559625862
    ],
    [
      -122.47730889125421,
      37.76544107999027
    ],
    [
      -122.4751176719052,
      37.734650200921294
    ],
    [
      -122.40678891419726,
      37.73525967639635
    ]
  ],
  "affine": [
    0.0001070763360724152,
    -1.425490217377149e-07,
    -122.52906858064932,
    1.3416898369184492e-07,
    -8.455277394335919e-05,
    37.81499003187809
  ],
  "rmse_deg": 1.9811183831995488e-05,
  "median_err_deg": 1.617903575732384e-05
}