{
  "pixels": [
    [
      754.6834352806449,
      250.85445862570253
    ],
    [
      918.6228654329067,
      244.5142596695377
    ],
    [
      838.5130527579263,
      467.92532345386155
    ],
    [
      401.8037600152507,
      960.2668594983697
    ],
    [
      254.4944611165637,
      868.4818347999571
    ]
  ],
  "lonlats": [
    [
      -115.18044948577882,
      36.130422799617484
    ],
    [
      -115.16557931900026,
      36.1310293776017
    ],
    [
      -115.17272472381593,
      36.11447678293575
    ],
    [
      -115.21209955215454,
      36.07878584149052
    ],
    [
      -115.22518873214723,
      36.08531493200195
    ]
  ],
  "affine": [
    8.998765380548723e-05,
    1.590369486403674e-07,
    -115.24831546367449,
    1.2540767873711754e-07,
    -7.286412793906548e-05,
    36.14861443730145
  ],
  "rmse_deg": 0.0001221768021055353,
  "median_err_deg": 0.00012053214689041517
}