{
  "pixels": [
    [
      732.2579942621707,
      752.5943446422849
    ],
    [
      606.2312076126456,
      671.2631044207891
    ],
    [
      922.707619196477,
      181.21402026020522
    ],
    [
      383.55252736580934,
      1228.3458359663357
    ]
  ],
  "lonlats": [
    [
      -97.7353298664093,
      30.24794606079307
    ],
    [
      -97.75852292776109,
      30.260862686274468
    ],
    [
      -97.70013928413393,
      30.339116129954906
    ],
    [
      -97.7995151281357,
      30.17247210672464
    ]
  ],
  "affine": [
    0.0001840147031512666,
    -1.5574393024379176e-07,
    -97.86993467128877,
    -1.9023647322235772e-07,
    -0.0001592401553806241,
    30.36802348087204
  ],
  "rmse_deg": 0.00012990298717445393,
  "median_err_deg": 0.0001281334804869219
}