{
  "pixels": [
    [
      1046.3422750907112,
      1109.481429307899
    ],
    [
      1025.3780489866315,
      935.1473385476559
    ],
    [
      1112.69317038582,
      665.079420708289
    ],
    [
      1330.721170149002,
      1082.0525660749743
    ],
    [
      816.2918452533436,
      512.1830899541269
    ]
  ],
  "lonlats": [
    [
      -97.73569196462633,
      30.24962358040371
    ],
    [
      -97.73632764816284,
      30.26113374344601
    ],
    [
      -97.72956848144533,
      30.27830380593801
    ],
    [
      -97.71340548992158,
      30.251057790618145
    ],
    [
      -97.75269985198975,
      30.28842096834342
    ]
  ],
  "affine": [
    7.786654983471993e-05,
    -1.438167838367542e-06,
    -97.8153286861133,
    -1.2464310497324801e-06,
    -6.447098819235727e-05,
    30.32253293141615
  ],
  "rmse_deg": 0.0002897724158196787,
  "median_err_deg": 0.00020971517318032882
}