{
  "pixels": [
    [
      281.2049329407586,
      392.0734946230895
    ],
    [
      321.1990130437014,
      333.28372239515426
    ],
    [
      272.3999617234791,
      270.3467509086133
    ],
    [
      399.83065553092933,
      200.36100478579144
    ]
  ],
  "lonlats": [
    [
      -97.75126218795778,
      30.216262441407334
    ],
    [
      -97.73553371429445,
      30.249354808470326
    ],
    [
      -97.77098178863527,
      30.274338186667013
    ],
    [
      -97.70671606063843,
      30.322044695250437
    ]
  ],
  "affine": [
    0.0005706375758339033,
    0.00012073897493535697,
    -97.9590649468825,
    0.00010904697579202539,
    -0.00048398246426930983,
    30.375469890088553
  ],
  "rmse_deg": 0.00010337694092963238,
  "median_err_deg": 8.481439578527995e-05
}