{
  "pixels": [
    [
      733.1617115141839,
      942.8389209888954
    ],
    [
      608.379674562959,
      861.358487194307
    ],
    [
      459.9274803979012,
      1451.1921590631632
    ],
    [
      926.6227378244137,
      366.8813405119313
    ],
    [
      722.9901425464566,
      113.3587593908748
    ]
  ],
  "lonlats": [
    [
      -97.73531109094621,
      30.247934475613302
    ],
    [
      -97.75850415229799,
      30.26084646915501
    ],
    [
      -97.78607189655304,
      30.1670111493492
    ],
    [
      -97.70012319087984,
      30.33909992577313
    ],
    [
      -97.73800134658815,
      30.3794932450282
    ]
  ],
  "affine": [
    0.00018567980262657686,
    7.002438944813808e-07,
    -97.87228474134695,
    -1.8654636293526366e-07,
    -0.00015877883259305826,
    30.397633593843402
  ],
  "rmse_deg": 0.00019859219743550117,
  "median_err_deg": 0.00022843853215424366
}