{
  "pixels": [
    [
      276.92118078707534,
      886.7539710765856
    ],
    [
      465.16137822199914,
      989.2458680490096
    ],
    [
      470.9577060117474,
      1085.8513312114808
    ],
    [
      756.7596769052195,
      1187.9665576982986
    ],
    [
      745.395778297922,
      1553.031800457732
    ]
  ],
  "lonlats": [
    [
      -112.03737258911134,
      33.46173537869401
    ],
    [
      -111.97870731353761,
      33.43638363920529
    ],
    [
      -111.97819232940674,
      33.41088119773644
    ],
    [
      -111.8906879425049,
      33.384941259422256
    ],
    [
      -111.89403533935548,
      33.29222519769331
    ]
  ],
  "affine": [
    0.0003061427156974049,
    -7.197072494218842e-07,
    -112.1212257046534,
    -9.888994592806216e-08,
    -0.00025475117038932234,
    33.68784855405299
  ],
  "rmse_deg": 0.0005493123215011926,
  "median_err_deg": 0.000345165796969339
}