{
  "pixels": [
    [
      536.7417662817875,
      495.40171059396033
    ],
    [
      484.3636899304195,
      586.8887506210164
    ],
    [
      505.31492047096674,
      950.7417876751858
    ],
    [
      1142.8328606595462,
      943.8736815953282
    ],
    [
      976.3984069617555,
      163.3045152028759
    ]
  ],
  "lonlats": [
    [
      -122.47155189514162,
      37.77298755890849
    ],
    [
      -122.47723817825319,
      37.76538860208025
    ],
    [
      -122.47514605522157,
      37.73466253985522
    ],
    [
      -122.40669608116151,
      37.73523102843771
    ],
    [
      -122.42453813552858,
      37.8012732367534
    ]
  ],
  "affine": [
    0.00010716797517951937,
    -1.2029996063777287e-07,
    -122.52909793660929,
    1.2170402854802826e-07,
    -8.453169935372499e-05,
    37.81490932016931
  ],
  "rmse_deg": 8.974255948041635e-05,
  "median_err_deg": 7.715865482516723e-05
}