{
  "pixels": [
    [
      382.81400663771046,
      517.6150105973363
    ],
    [
      1068.7927107956505,
      748.2778237582947
    ],
    [
      1050.0857577982085,
      1270.371875595991
    ],
    [
      1192.2607133248084,
      749.6719522428295
    ],
    [
      383.2557299263493,
      325.59922892129055
    ],
    [
      116.48046360070946,
      327.8991938122046
    ]
  ],
  "lonlats": [
    [
      -112.03668594360353,
      33.426856918285004
    ],
    [
      -111.8904733657837,
      33.38623127353456
    ],
    [
      -111.8936061859131,
      33.292009964482844
    ],
    [
      -111.85712814331056,
      33.385693769980584
    ],
    [
      -112.0374369621277,
      33.462129203188006
    ],
    [
      -112.09492206573488,
      33.46173537869401
    ]
  ],
  "affine": [
    0.00022043449278562994,
    -4.2643755844721825e-06,
    -112.11964787123588,
    3.6323548930015005e-07,
    -0.00018026691680187766,
    33.52054717133665
  ],
  "rmse_deg": 0.0018657121038016548,
  "median_err_deg": 0.0009174581284435448
}