{
  "pixels": [
    [
      477.0,
      538.0
    ],
    [
      750.8137746121375,
      625.6293134474512
    ],
    [
      802.1625658532455,
      752.8850134797623
    ],
    [
      1152.969163854885,
      768.3927626326886
    ],
    [
      1135.6881126397786,
      1280.6593502976343
    ]
  ],
  "lonlats": [
    [
      -112.03720213768241,
      33.42714345145944
    ],
    [
      -111.97810634747479,
      33.41084537443275
    ],
    [
      -111.96725413452687,
      33.388022928047434
    ],
    [
      -111.89103852494699,
      33.385729603654255
    ],
    [
      -111.89409659297458,
      33.292655662521405
    ]
  ],
  "affine": [
    0.00021588548737231373,
    1.3451389838721279e-06,
    -112.14107245975944,
    6.775617168626346e-07,
    -0.00018137082060059226,
    33.52414178373011
  ],
  "rmse_deg": 0.0002826236185469247,
  "median_err_deg": 0.00030687243910186866
}