{
  "pixels": [
    [
      1647.7468767322805,
      1259.223110745519
    ],
    [
      1591.9706245053749,
      1229.0109741226117
    ],
    [
      1981.8297336811618,
      958.9740045871227
    ],
    [
      681.5106454563053,
      478.26866947737915
    ],
    [
      1064.8971802808644,
      325.32813258067443
    ]
  ],
  "lonlats": [
    [
      -122.06752538681032,
      37.37810349582196
    ],
    [
      -122.07297027111055,
      37.3803584921041
    ],
    [
      -122.0354461669922,
      37.40057369960098
    ],
    [
      -122.16008305549623,
      37.43729490594194
    ],
    [
      -122.12273597717287,
      37.448628445057544
    ]
  ],
  "affine": [
    9.613580986694861e-05,
    -8.018853898032476e-07,
    -122.22504444043844,
    -4.0091011792891706e-07,
    -7.529943531492457e-05,
    37.47356715403989
  ],
  "rmse_deg": 0.00014760180326313474,
  "median_err_deg": 0.00015794922971771162
}