{
  "pixels": [
    [
      899.0926477561201,
      660.6188555558385
    ],
    [
      1023.2482680495226,
      300.2738342353063
    ],
    [
      888.0644128923954,
      421.83594179260837
    ],
    [
      843.5052950279895,
      876.229405766321
    ],
    [
      842.6640336049288,
      883.2170140078048
    ],
    [
      868.1370074261392,
      948.1655127908138
    ]
  ],
  "lonlats": [
    [
      -84.39042806625368,
      33.74461116325586
    ],
    [
      -84.3581771850586,
      33.82358145356022
    ],
    [
      -84.39409732818604,
      33.79715912575895
    ],
    [
      -84.40568447113037,
      33.6973332980549
    ],
    [
      -84.40589904785158,
      33.6959854348409
    ],
    [
      -84.39937591552734,
      33.68149680197188
    ]
  ],
  "affine": [
    0.0002651131478199026,
    1.259956320474355e-07,
    -84.62940549594035,
    -2.3972136205530367e-06,
    -0.00021980193521431793,
    33.892015401500224
  ],
  "rmse_deg": 0.0002604340202145407,
  "median_err_deg": 0.00015285550224030693
}