{
  "pixels": [
    [
      633.2338735351652,
      1246.8468960259622
    ],
    [
      922.1754828017862,
      1057.2979384692533
    ],
    [
      675.6691844611887,
      712.5213846908905
    ],
    [
      2161.825816363203,
      801.200318886814
    ]
  ],
  "lonlats": [
    [
      -118.45259428024293,
      33.99395333950793
    ],
    [
      -118.41832637786867,
      34.012079907106994
    ],
    [
      -118.44663977622987,
      34.046943543553304
    ],
    [
      -118.27395915985109,
      34.03800893474363
    ]
  ],
  "affine": [
    0.00011629449390406689,
    -1.7480245745727658e-06,
    -118.52392911466151,
    -6.797357567314713e-08,
    -9.952122336658959e-05,
    34.117810768711976
  ],
  "rmse_deg": 0.000295508538501953,
  "median_err_deg": 0.0002002310730279798
}