{
  "pixels": [
    [
      341.59707788675973,
      518.5885302650594
    ],
    [
      718.5577698345311,
      932.6439699085823
    ],
    [
      502.28338921867146,
      619.1000685430272
    ],
    [
      352.9244128706931,
      103.98248448956197
    ]
  ],
  "lonlats": [
    [
      -122.29588329792024,
      37.5531813248838
    ],
    [
      -121.9559293985367,
      37.25569292426475
    ],
    [
      -122.15025544166566,
      37.48203556755488
    ],
    [
      -122.28664577007295,
      37.852119505594274
    ]
  ],
  "affine": [
    0.0008989734983668602,
    2.6302837466391462e-06,
    -122.60407330892036,
    2.3747008951246336e-06,
    -0.000720606011223847,
    37.92632635163341
  ],
  "rmse_deg": 0.0005353119313536548,
  "median_err_deg": 0.00037600344472946406
}