{
  "pixels": [
    [
      1435.5332866347119,
      580.4300755440245
    ],
    [
      1014.144610871731,
      224.92385923983247
    ],
    [
      780.1769316546716,
      583.2176809074856
    ],
    [
      288.40979054083897,
      903.6820501167368
    ],
    [
      2277.8559934907503,
      1203.3860493126385
    ]
  ],
  "lonlats": [
    [
      -97.73529231548311,
      30.247918256359338
    ],
    [
      -97.75711208581927,
      30.264490620252456
    ],
    [
      -97.76994109153749,
      30.24841410091329
    ],
    [
      -97.79626965522768,
      30.234098479171195
    ],
    [
      -97.6907515525818,
      30.218357694585606
    ]
  ],
  "affine": [
    5.3121661016619474e-05,
    -7.266728301955389e-07,
    -97.81094521372698,
    -9.917487608186315e-07,
    -4.591902475408114e-05,
    30.275908762663352
  ],
  "rmse_deg": 0.00012114035900846935,
  "median_err_deg": 7.288999468204569e-05
}