{
  "pixels": [
    [
      836.5774710816733,
      1380.5037509083952
    ],
    [
      839.0193493210295,
      953.1750590210446
    ],
    [
      1343.1640778888552,
      550.4534103905235
    ],
    [
      442.16652599707106,
      362.24709647420207
    ],
    [
      79.49507316149403,
      355.4452862767538
    ]
  ],
  "lonlats": [
    [
      -84.36780631542206,
      33.76395919690574
    ],
    [
      -84.36764538288118,
      33.77350672073596
    ],
    [
      -84.35433089733125,
      33.78238661283684
    ],
    [
      -84.37814354896547,
      33.786477340490364
    ],
    [
      -84.38781023025513,
      33.786673512165166
    ]
  ],
  "affine": [
    2.6497662277835638e-05,
    -6.148197282466651e-08,
    -84.38986556944364,
    4.190924508671138e-08,
    -2.2140113299841997e-05,
    33.79451996229859
  ],
  "rmse_deg": 4.6760721092205816e-05,
  "median_err_deg": 3.898392157645103e-05
}