{
  "pixels": [
    [
      1592.4698377030722,
      1227.658897919031
    ],
    [
      1648.5319060980116,
      1259.9137865846126
    ],
    [
      1982.9830804941885,
      959.0528041476434
    ],
    [
      680.6215206585553,
      477.04912324133073
    ],
    [
      1065.7629949540783,
      323.95941588536965
    ]
  ],
  "lonlats": [
    [
      -122.07291126251222,
      37.380320127895
    ],
    [
      -122.0676112174988,
      37.37812907271949
    ],
    [
      -122.03551054000856,
      37.40053960727733
    ],
    [
      -122.16004014015199,
      37.437239533066574
    ],
    [
      -122.122939825058,
      37.44881583225354
    ]
  ],
  "affine": [
    9.57721784821528e-05,
    -4.3528770431183974e-07,
    -122.22494629978965,
    -2.5076828486239377e-07,
    -7.545642332798847e-05,
    37.4734606784283
  ],
  "rmse_deg": 0.00011171813854318706,
  "median_err_deg": 0.00010225622069775248
}