{
  "pixels": [
    [
      750.2575004620771,
      390.71192249854965
    ],
    [
      716.2969010809653,
      450.1429714154955
    ],
    [
      729.7336479075839,
      686.4331233363495
    ],
    [
      1144.3655815101295,
      682.7766617110003
    ],
    [
      857.8490044724415,
      403.91319009395824
    ]
  ],
  "lonlats": [
    [
      -122.47172355651857,
      37.77305540322005
    ],
    [
      -122.47727036476137,
      37.765405564907006
    ],
    [
      -122.47498512268068,
      37.73456072054373
    ],
    [
      -122.40666389465333,
      37.735154664553534
    ],
    [
      -122.4539351463318,
      37.771444084001985
    ]
  ],
  "affine": [
    0.00016480358752640536,
    3.0086323044155137e-07,
    -122.59545856626602,
    2.6985972656608405e-07,
    -0.000130323092099428,
    37.823829821805575
  ],
  "rmse_deg": 3.8909135227494685e-05,
  "median_err_deg": 3.351666719215971e-05
}